ValoresRsm,TimeStamp,EPOCH
0.708,02/07/2020 14:14:48.822,1593710088822
0.690,02/07/2020 14:14:49.322,1593710089322
0.673,02/07/2020 14:14:49.822,1593710089822
0.685,02/07/2020 14:14:50.322,1593710090322
0.690,02/07/2020 14:14:50.822,1593710090822
0.685,02/07/2020 14:14:51.322,1593710091322
0.685,02/07/2020 14:14:51.822,1593710091822
0.687,02/07/2020 14:14:52.322,1593710092322
0.697,02/07/2020 14:14:52.822,1593710092822
0.677,02/07/2020 14:14:53.322,1593710093322
0.685,02/07/2020 14:14:53.822,1593710093822
0.678,02/07/2020 14:14:54.322,1593710094322
0.691,02/07/2020 14:14:54.822,1593710094822
0.665,02/07/2020 14:14:55.322,1593710095322
0.676,02/07/2020 14:14:55.822,1593710095822
0.685,02/07/2020 14:14:56.322,1593710096322
0.675,02/07/2020 14:14:56.822,1593710096822
0.677,02/07/2020 14:14:57.322,1593710097322
0.668,02/07/2020 14:14:57.822,1593710097822
0.672,02/07/2020 14:14:58.322,1593710098322
0.681,02/07/2020 14:14:58.822,1593710098822
0.689,02/07/2020 14:14:59.322,1593710099322
0.674,02/07/2020 14:14:59.822,1593710099822
0.689,02/07/2020 14:15:00.322,1593710100322
0.676,02/07/2020 14:15:00.822,1593710100822
0.674,02/07/2020 14:15:01.322,1593710101322
0.673,02/07/2020 14:15:01.822,1593710101822
0.702,02/07/2020 14:15:02.322,1593710102322
0.671,02/07/2020 14:15:02.822,1593710102822
0.665,02/07/2020 14:15:03.322,1593710103322
0.665,02/07/2020 14:15:03.822,1593710103822
0.671,02/07/2020 14:15:04.322,1593710104322
0.671,02/07/2020 14:15:04.822,1593710104822
0.673,02/07/2020 14:15:05.322,1593710105322
0.673,02/07/2020 14:15:05.822,1593710105822
0.673,02/07/2020 14:15:06.322,1593710106322
0.672,02/07/2020 14:15:06.822,1593710106822
0.683,02/07/2020 14:15:07.322,1593710107322
0.690,02/07/2020 14:15:07.822,1593710107822
0.682,02/07/2020 14:15:08.322,1593710108322
0.679,02/07/2020 14:15:08.822,1593710108822
0.682,02/07/2020 14:15:09.322,1593710109322
0.674,02/07/2020 14:15:09.822,1593710109822
0.675,02/07/2020 14:15:10.322,1593710110322
0.681,02/07/2020 14:15:10.822,1593710110822
0.699,02/07/2020 14:15:11.322,1593710111322
0.669,02/07/2020 14:15:11.822,1593710111822
0.683,02/07/2020 14:15:12.322,1593710112322
0.681,02/07/2020 14:15:12.822,1593710112822
0.679,02/07/2020 14:15:13.322,1593710113322
0.680,02/07/2020 14:15:13.822,1593710113822
0.673,02/07/2020 14:15:14.322,1593710114322
0.685,02/07/2020 14:15:14.822,1593710114822
0.673,02/07/2020 14:15:15.322,1593710115322
0.799,02/07/2020 14:15:15.822,1593710115822
1.541,02/07/2020 14:15:16.322,1593710116322
1.522,02/07/2020 14:15:16.822,1593710116822
1.522,02/07/2020 14:15:17.322,1593710117322
1.555,02/07/2020 14:15:17.822,1593710117822
1.761,02/07/2020 14:15:18.322,1593710118322
2.800,02/07/2020 14:15:18.822,1593710118822
2.808,02/07/2020 14:15:19.322,1593710119322
2.813,02/07/2020 14:15:19.822,1593710119822
2.821,02/07/2020 14:15:20.322,1593710120322
2.815,02/07/2020 14:15:20.822,1593710120822
2.799,02/07/2020 14:15:21.322,1593710121322
2.807,02/07/2020 14:15:21.822,1593710121822
2.805,02/07/2020 14:15:22.322,1593710122322
2.827,02/07/2020 14:15:22.822,1593710122822
2.824,02/07/2020 14:15:23.322,1593710123322
2.828,02/07/2020 14:15:23.822,1593710123822
2.814,02/07/2020 14:15:24.322,1593710124322
2.810,02/07/2020 14:15:24.822,1593710124822
2.794,02/07/2020 14:15:25.322,1593710125322
2.803,02/07/2020 14:15:25.822,1593710125822
2.797,02/07/2020 14:15:26.322,1593710126322
2.809,02/07/2020 14:15:26.822,1593710126822
2.796,02/07/2020 14:15:27.322,1593710127322
2.791,02/07/2020 14:15:27.822,1593710127822
2.776,02/07/2020 14:15:28.322,1593710128322
2.761,02/07/2020 14:15:28.822,1593710128822
2.763,02/07/2020 14:15:29.322,1593710129322
2.787,02/07/2020 14:15:29.822,1593710129822
2.774,02/07/2020 14:15:30.322,1593710130322
2.787,02/07/2020 14:15:30.822,1593710130822
2.792,02/07/2020 14:15:31.322,1593710131322
2.790,02/07/2020 14:15:31.822,1593710131822
2.802,02/07/2020 14:15:32.322,1593710132322
2.816,02/07/2020 14:15:32.822,1593710132822
2.797,02/07/2020 14:15:33.322,1593710133322
2.803,02/07/2020 14:15:33.822,1593710133822
2.783,02/07/2020 14:15:34.322,1593710134322
2.787,02/07/2020 14:15:34.822,1593710134822
2.789,02/07/2020 14:15:35.322,1593710135322
2.787,02/07/2020 14:15:35.822,1593710135822
2.794,02/07/2020 14:15:36.322,1593710136322
2.795,02/07/2020 14:15:36.822,1593710136822
2.803,02/07/2020 14:15:37.322,1593710137322
2.793,02/07/2020 14:15:37.822,1593710137822
2.803,02/07/2020 14:15:38.322,1593710138322
2.781,02/07/2020 14:15:38.822,1593710138822
2.806,02/07/2020 14:15:39.322,1593710139322
2.801,02/07/2020 14:15:39.822,1593710139822
2.782,02/07/2020 14:15:40.322,1593710140322
2.774,02/07/2020 14:15:40.822,1593710140822
2.770,02/07/2020 14:15:41.322,1593710141322
2.784,02/07/2020 14:15:41.822,1593710141822
2.771,02/07/2020 14:15:42.322,1593710142322
2.792,02/07/2020 14:15:42.822,1593710142822
2.792,02/07/2020 14:15:43.322,1593710143322
2.788,02/07/2020 14:15:43.822,1593710143822
2.805,02/07/2020 14:15:44.322,1593710144322
2.793,02/07/2020 14:15:44.822,1593710144822
2.781,02/07/2020 14:15:45.322,1593710145322
2.803,02/07/2020 14:15:45.822,1593710145822
2.785,02/07/2020 14:15:46.322,1593710146322
2.789,02/07/2020 14:15:46.822,1593710146822
2.791,02/07/2020 14:15:47.322,1593710147322
2.820,02/07/2020 14:15:47.822,1593710147822
2.787,02/07/2020 14:15:48.322,1593710148322
2.779,02/07/2020 14:15:48.822,1593710148822
2.778,02/07/2020 14:15:49.322,1593710149322
2.782,02/07/2020 14:15:49.822,1593710149822
2.805,02/07/2020 14:15:50.322,1593710150322
2.818,02/07/2020 14:15:50.822,1593710150822
2.791,02/07/2020 14:15:51.322,1593710151322
2.783,02/07/2020 14:15:51.822,1593710151822
2.791,02/07/2020 14:15:52.322,1593710152322
2.779,02/07/2020 14:15:52.822,1593710152822
2.781,02/07/2020 14:15:53.322,1593710153322
2.766,02/07/2020 14:15:53.822,1593710153822
2.796,02/07/2020 14:15:54.322,1593710154322
2.757,02/07/2020 14:15:54.822,1593710154822
2.771,02/07/2020 14:15:55.322,1593710155322
2.762,02/07/2020 14:15:55.822,1593710155822
2.759,02/07/2020 14:15:56.322,1593710156322
2.789,02/07/2020 14:15:56.822,1593710156822
2.800,02/07/2020 14:15:57.322,1593710157322
2.796,02/07/2020 14:15:57.822,1593710157822
2.800,02/07/2020 14:15:58.322,1593710158322
2.803,02/07/2020 14:15:58.822,1593710158822
2.798,02/07/2020 14:15:59.322,1593710159322
2.797,02/07/2020 14:15:59.822,1593710159822
2.796,02/07/2020 14:16:00.322,1593710160322
2.798,02/07/2020 14:16:00.822,1593710160822
2.791,02/07/2020 14:16:01.322,1593710161322
2.799,02/07/2020 14:16:01.822,1593710161822
2.800,02/07/2020 14:16:02.322,1593710162322
2.793,02/07/2020 14:16:02.822,1593710162822
2.792,02/07/2020 14:16:03.322,1593710163322
2.834,02/07/2020 14:16:03.822,1593710163822
2.809,02/07/2020 14:16:04.322,1593710164322
2.803,02/07/2020 14:16:04.822,1593710164822
2.795,02/07/2020 14:16:05.322,1593710165322
2.809,02/07/2020 14:16:05.822,1593710165822
2.804,02/07/2020 14:16:06.322,1593710166322
2.789,02/07/2020 14:16:06.822,1593710166822
2.808,02/07/2020 14:16:07.322,1593710167322
2.798,02/07/2020 14:16:07.822,1593710167822
2.805,02/07/2020 14:16:08.322,1593710168322
2.799,02/07/2020 14:16:08.822,1593710168822
2.821,02/07/2020 14:16:09.322,1593710169322
2.808,02/07/2020 14:16:09.822,1593710169822
2.822,02/07/2020 14:16:10.322,1593710170322
2.851,02/07/2020 14:16:10.822,1593710170822
2.837,02/07/2020 14:16:11.322,1593710171322
2.789,02/07/2020 14:16:11.822,1593710171822
2.806,02/07/2020 14:16:12.322,1593710172322
2.812,02/07/2020 14:16:12.822,1593710172822
2.817,02/07/2020 14:16:13.322,1593710173322
2.815,02/07/2020 14:16:13.822,1593710173822
2.803,02/07/2020 14:16:14.322,1593710174322
2.804,02/07/2020 14:16:14.822,1593710174822
2.812,02/07/2020 14:16:15.322,1593710175322
2.813,02/07/2020 14:16:15.822,1593710175822
2.814,02/07/2020 14:16:16.322,1593710176322
2.806,02/07/2020 14:16:16.822,1593710176822
2.811,02/07/2020 14:16:17.322,1593710177322
2.809,02/07/2020 14:16:17.822,1593710177822
2.808,02/07/2020 14:16:18.322,1593710178322
2.806,02/07/2020 14:16:18.822,1593710178822
2.794,02/07/2020 14:16:19.322,1593710179322
2.787,02/07/2020 14:16:19.822,1593710179822
2.767,02/07/2020 14:16:20.322,1593710180322
2.784,02/07/2020 14:16:20.822,1593710180822
2.795,02/07/2020 14:16:21.322,1593710181322
2.796,02/07/2020 14:16:21.822,1593710181822
2.792,02/07/2020 14:16:22.322,1593710182322
2.797,02/07/2020 14:16:22.822,1593710182822
2.803,02/07/2020 14:16:23.322,1593710183322
2.806,02/07/2020 14:16:23.822,1593710183822
2.800,02/07/2020 14:16:24.322,1593710184322
2.806,02/07/2020 14:16:24.822,1593710184822
2.794,02/07/2020 14:16:25.322,1593710185322
2.809,02/07/2020 14:16:25.822,1593710185822
2.794,02/07/2020 14:16:26.322,1593710186322
2.796,02/07/2020 14:16:26.822,1593710186822
2.799,02/07/2020 14:16:27.322,1593710187322
2.837,02/07/2020 14:16:27.822,1593710187822
2.828,02/07/2020 14:16:28.322,1593710188322
2.808,02/07/2020 14:16:28.822,1593710188822
2.810,02/07/2020 14:16:29.322,1593710189322
2.798,02/07/2020 14:16:29.822,1593710189822
2.807,02/07/2020 14:16:30.322,1593710190322
2.796,02/07/2020 14:16:30.822,1593710190822
2.787,02/07/2020 14:16:31.322,1593710191322
2.788,02/07/2020 14:16:31.822,1593710191822
2.775,02/07/2020 14:16:32.322,1593710192322
2.788,02/07/2020 14:16:32.822,1593710192822
2.775,02/07/2020 14:16:33.322,1593710193322
2.802,02/07/2020 14:16:33.822,1593710193822
2.812,02/07/2020 14:16:34.322,1593710194322
2.795,02/07/2020 14:16:34.822,1593710194822
2.794,02/07/2020 14:16:35.322,1593710195322
2.797,02/07/2020 14:16:35.822,1593710195822
2.788,02/07/2020 14:16:36.322,1593710196322
2.795,02/07/2020 14:16:36.822,1593710196822
2.789,02/07/2020 14:16:37.322,1593710197322
2.802,02/07/2020 14:16:37.822,1593710197822
2.821,02/07/2020 14:16:38.322,1593710198322
2.792,02/07/2020 14:16:38.822,1593710198822
2.780,02/07/2020 14:16:39.322,1593710199322
2.786,02/07/2020 14:16:39.822,1593710199822
2.817,02/07/2020 14:16:40.322,1593710200322
2.793,02/07/2020 14:16:40.822,1593710200822
2.802,02/07/2020 14:16:41.322,1593710201322
2.773,02/07/2020 14:16:41.822,1593710201822
2.784,02/07/2020 14:16:42.322,1593710202322
2.800,02/07/2020 14:16:42.822,1593710202822
2.792,02/07/2020 14:16:43.322,1593710203322
2.784,02/07/2020 14:16:43.822,1593710203822
2.782,02/07/2020 14:16:44.322,1593710204322
2.787,02/07/2020 14:16:44.822,1593710204822
2.792,02/07/2020 14:16:45.322,1593710205322
2.786,02/07/2020 14:16:45.822,1593710205822
2.795,02/07/2020 14:16:46.322,1593710206322
2.809,02/07/2020 14:16:46.822,1593710206822
2.784,02/07/2020 14:16:47.322,1593710207322
2.790,02/07/2020 14:16:47.822,1593710207822
2.794,02/07/2020 14:16:48.322,1593710208322
2.794,02/07/2020 14:16:48.822,1593710208822
2.780,02/07/2020 14:16:49.322,1593710209322
2.791,02/07/2020 14:16:49.822,1593710209822
2.793,02/07/2020 14:16:50.322,1593710210322
2.819,02/07/2020 14:16:50.822,1593710210822
2.807,02/07/2020 14:16:51.322,1593710211322
2.815,02/07/2020 14:16:51.822,1593710211822
2.803,02/07/2020 14:16:52.322,1593710212322
2.806,02/07/2020 14:16:52.822,1593710212822
2.812,02/07/2020 14:16:53.322,1593710213322
2.819,02/07/2020 14:16:53.822,1593710213822
2.856,02/07/2020 14:16:54.322,1593710214322
2.834,02/07/2020 14:16:54.822,1593710214822
2.842,02/07/2020 14:16:55.322,1593710215322
2.847,02/07/2020 14:16:55.822,1593710215822
2.817,02/07/2020 14:16:56.322,1593710216322
2.808,02/07/2020 14:16:56.822,1593710216822
2.802,02/07/2020 14:16:57.322,1593710217322
2.798,02/07/2020 14:16:57.822,1593710217822
2.793,02/07/2020 14:16:58.322,1593710218322
2.814,02/07/2020 14:16:58.822,1593710218822
2.796,02/07/2020 14:16:59.322,1593710219322
2.806,02/07/2020 14:16:59.822,1593710219822
2.802,02/07/2020 14:17:00.322,1593710220322
2.803,02/07/2020 14:17:00.822,1593710220822
2.800,02/07/2020 14:17:01.322,1593710221322
2.832,02/07/2020 14:17:01.822,1593710221822
2.812,02/07/2020 14:17:02.322,1593710222322
2.799,02/07/2020 14:17:02.822,1593710222822
2.802,02/07/2020 14:17:03.322,1593710223322
2.836,02/07/2020 14:17:03.822,1593710223822
2.806,02/07/2020 14:17:04.322,1593710224322
2.823,02/07/2020 14:17:04.822,1593710224822
2.824,02/07/2020 14:17:05.322,1593710225322
2.818,02/07/2020 14:17:05.822,1593710225822
2.827,02/07/2020 14:17:06.322,1593710226322
2.833,02/07/2020 14:17:06.822,1593710226822
2.841,02/07/2020 14:17:07.322,1593710227322
2.835,02/07/2020 14:17:07.822,1593710227822
2.840,02/07/2020 14:17:08.322,1593710228322
2.840,02/07/2020 14:17:08.822,1593710228822
2.801,02/07/2020 14:17:09.322,1593710229322
2.823,02/07/2020 14:17:09.822,1593710229822
2.788,02/07/2020 14:17:10.322,1593710230322
2.791,02/07/2020 14:17:10.822,1593710230822
2.786,02/07/2020 14:17:11.322,1593710231322
2.796,02/07/2020 14:17:11.822,1593710231822
2.799,02/07/2020 14:17:12.322,1593710232322
2.793,02/07/2020 14:17:12.822,1593710232822
2.800,02/07/2020 14:17:13.322,1593710233322
2.828,02/07/2020 14:17:13.822,1593710233822
2.823,02/07/2020 14:17:14.322,1593710234322
2.827,02/07/2020 14:17:14.822,1593710234822
2.795,02/07/2020 14:17:15.322,1593710235322
0.719,02/07/2020 14:17:15.822,1593710235822
0.760,02/07/2020 14:17:16.322,1593710236322
0.738,02/07/2020 14:17:16.822,1593710236822
0.748,02/07/2020 14:17:17.322,1593710237322
0.724,02/07/2020 14:17:17.822,1593710237822
0.714,02/07/2020 14:17:18.322,1593710238322
0.718,02/07/2020 14:17:18.822,1593710238822
0.711,02/07/2020 14:17:19.322,1593710239322
0.721,02/07/2020 14:17:19.822,1593710239822
0.730,02/07/2020 14:17:20.322,1593710240322
0.720,02/07/2020 14:17:20.822,1593710240822
0.752,02/07/2020 14:17:21.322,1593710241322
0.748,02/07/2020 14:17:21.822,1593710241822
0.751,02/07/2020 14:17:22.322,1593710242322
0.753,02/07/2020 14:17:22.822,1593710242822
0.744,02/07/2020 14:17:23.322,1593710243322
0.750,02/07/2020 14:17:23.822,1593710243822
0.744,02/07/2020 14:17:24.322,1593710244322
0.752,02/07/2020 14:17:24.822,1593710244822
0.752,02/07/2020 14:17:25.322,1593710245322
0.743,02/07/2020 14:17:25.822,1593710245822
0.750,02/07/2020 14:17:26.322,1593710246322
0.749,02/07/2020 14:17:26.822,1593710246822
0.747,02/07/2020 14:17:27.322,1593710247322
0.747,02/07/2020 14:17:27.822,1593710247822
0.774,02/07/2020 14:17:28.322,1593710248322
0.767,02/07/2020 14:17:28.822,1593710248822
0.742,02/07/2020 14:17:29.323,1593710249323
0.744,02/07/2020 14:17:29.823,1593710249823
0.744,02/07/2020 14:17:30.323,1593710250323
0.750,02/07/2020 14:17:30.823,1593710250823
0.758,02/07/2020 14:17:31.323,1593710251323
0.756,02/07/2020 14:17:31.823,1593710251823
0.748,02/07/2020 14:17:32.323,1593710252323
0.733,02/07/2020 14:17:32.823,1593710252823
0.755,02/07/2020 14:17:33.323,1593710253323
0.754,02/07/2020 14:17:33.823,1593710253823
0.755,02/07/2020 14:17:34.323,1593710254323
0.750,02/07/2020 14:17:34.823,1593710254823
0.758,02/07/2020 14:17:35.323,1593710255323
0.745,02/07/2020 14:17:35.823,1593710255823
0.746,02/07/2020 14:17:36.323,1593710256323
0.762,02/07/2020 14:17:36.823,1593710256823
0.759,02/07/2020 14:17:37.323,1593710257323
0.760,02/07/2020 14:17:37.823,1593710257823
0.760,02/07/2020 14:17:38.323,1593710258323
0.742,02/07/2020 14:17:38.823,1593710258823
0.745,02/07/2020 14:17:39.323,1593710259323
0.744,02/07/2020 14:17:39.823,1593710259823
0.773,02/07/2020 14:17:40.323,1593710260323
0.746,02/07/2020 14:17:40.823,1593710260823
0.744,02/07/2020 14:17:41.323,1593710261323
0.748,02/07/2020 14:17:41.823,1593710261823
0.740,02/07/2020 14:17:42.323,1593710262323
0.754,02/07/2020 14:17:42.823,1593710262823
0.756,02/07/2020 14:17:43.323,1593710263323
0.763,02/07/2020 14:17:43.823,1593710263823
0.760,02/07/2020 14:17:44.323,1593710264323
0.745,02/07/2020 14:17:44.823,1593710264823
0.755,02/07/2020 14:17:45.323,1593710265323
0.702,02/07/2020 14:17:45.823,1593710265823
0.695,02/07/2020 15:03:41.832,1593713021832
0.695,02/07/2020 15:03:42.332,1593713022332
0.614,02/07/2020 15:03:42.832,1593713022832
0.637,02/07/2020 15:03:43.332,1593713023332
0.656,02/07/2020 15:03:43.832,1593713023832
0.685,02/07/2020 15:03:44.332,1593713024332
0.631,02/07/2020 15:03:44.832,1593713024832
0.643,02/07/2020 15:03:45.332,1593713025332
0.566,02/07/2020 15:03:45.832,1593713025832
0.564,02/07/2020 15:03:46.332,1593713026332
0.575,02/07/2020 15:03:46.832,1593713026832
0.623,02/07/2020 15:03:47.332,1593713027332
0.568,02/07/2020 15:03:47.832,1593713027832
0.567,02/07/2020 15:03:48.332,1593713028332
0.565,02/07/2020 15:03:48.832,1593713028832
0.572,02/07/2020 15:03:49.332,1593713029332
0.559,02/07/2020 15:03:49.832,1593713029832
0.569,02/07/2020 15:03:50.332,1593713030332
0.570,02/07/2020 15:03:50.832,1593713030832
0.564,02/07/2020 15:03:51.332,1593713031332
0.563,02/07/2020 15:03:51.832,1593713031832
0.579,02/07/2020 15:03:52.332,1593713032332
0.563,02/07/2020 15:03:52.832,1593713032832
0.556,02/07/2020 15:03:53.332,1593713033332
0.556,02/07/2020 15:03:53.832,1593713033832
0.576,02/07/2020 15:03:54.332,1593713034332
0.581,02/07/2020 15:03:54.832,1593713034832
0.555,02/07/2020 15:03:55.332,1593713035332
0.564,02/07/2020 15:03:55.832,1593713035832
0.562,02/07/2020 15:03:56.332,1593713036332
0.616,02/07/2020 15:03:56.832,1593713036832
0.555,02/07/2020 15:03:57.332,1593713037332
0.572,02/07/2020 15:03:57.832,1593713037832
0.552,02/07/2020 15:03:58.332,1593713038332
0.556,02/07/2020 15:03:58.832,1593713038832
0.557,02/07/2020 15:03:59.332,1593713039332
0.558,02/07/2020 15:03:59.832,1593713039832
0.552,02/07/2020 15:04:00.332,1593713040332
0.557,02/07/2020 15:04:00.832,1593713040832
0.559,02/07/2020 15:04:01.332,1593713041332
0.560,02/07/2020 15:04:01.832,1593713041832
0.560,02/07/2020 15:04:02.332,1593713042332
0.564,02/07/2020 15:04:02.832,1593713042832
0.561,02/07/2020 15:04:03.332,1593713043332
0.581,02/07/2020 15:04:03.832,1593713043832
0.555,02/07/2020 15:04:04.332,1593713044332
0.595,02/07/2020 15:04:04.832,1593713044832
0.557,02/07/2020 15:04:05.332,1593713045332
0.562,02/07/2020 15:04:05.832,1593713045832
0.567,02/07/2020 15:04:06.332,1593713046332
0.554,02/07/2020 15:04:06.832,1593713046832
0.558,02/07/2020 15:04:07.332,1593713047332
0.556,02/07/2020 15:04:07.832,1593713047832
0.560,02/07/2020 15:04:08.332,1593713048332
0.556,02/07/2020 15:04:08.832,1593713048832
0.567,02/07/2020 15:04:09.332,1593713049332
0.551,02/07/2020 15:04:09.832,1593713049832
0.560,02/07/2020 15:04:10.332,1593713050332
0.539,02/07/2020 15:04:10.832,1593713050832
0.562,02/07/2020 15:04:11.332,1593713051332
0.563,02/07/2020 15:04:11.832,1593713051832
0.567,02/07/2020 15:04:12.332,1593713052332
0.552,02/07/2020 15:04:12.832,1593713052832
1.262,02/07/2020 15:04:13.332,1593713053332
1.278,02/07/2020 15:04:13.832,1593713053832
1.234,02/07/2020 15:04:14.332,1593713054332
1.251,02/07/2020 15:04:14.832,1593713054832
1.296,02/07/2020 15:04:15.332,1593713055332
2.681,02/07/2020 15:04:15.832,1593713055832
2.711,02/07/2020 15:04:16.332,1593713056332
2.725,02/07/2020 15:04:16.832,1593713056832
2.711,02/07/2020 15:04:17.332,1593713057332
2.715,02/07/2020 15:04:17.832,1593713057832
2.713,02/07/2020 15:04:18.332,1593713058332
2.721,02/07/2020 15:04:18.832,1593713058832
2.730,02/07/2020 15:04:19.332,1593713059332
2.739,02/07/2020 15:04:19.832,1593713059832
2.750,02/07/2020 15:04:20.332,1593713060332
2.753,02/07/2020 15:04:20.832,1593713060832
2.761,02/07/2020 15:04:21.332,1593713061332
2.752,02/07/2020 15:04:21.832,1593713061832
2.748,02/07/2020 15:04:22.332,1593713062332
2.748,02/07/2020 15:04:22.832,1593713062832
2.712,02/07/2020 15:04:23.332,1593713063332
2.721,02/07/2020 15:04:23.832,1593713063832
2.724,02/07/2020 15:04:24.332,1593713064332
2.725,02/07/2020 15:04:24.832,1593713064832
2.711,02/07/2020 15:04:25.332,1593713065332
2.715,02/07/2020 15:04:25.832,1593713065832
2.713,02/07/2020 15:04:26.332,1593713066332
2.683,02/07/2020 15:04:26.832,1593713066832
2.704,02/07/2020 15:04:27.332,1593713067332
2.701,02/07/2020 15:04:27.832,1593713067832
2.704,02/07/2020 15:04:28.332,1593713068332
2.687,02/07/2020 15:04:28.832,1593713068832
2.685,02/07/2020 15:04:29.332,1593713069332
2.713,02/07/2020 15:04:29.832,1593713069832
2.718,02/07/2020 15:04:30.332,1593713070332
2.715,02/07/2020 15:04:30.832,1593713070832
2.703,02/07/2020 15:04:31.332,1593713071332
2.725,02/07/2020 15:04:31.832,1593713071832
2.732,02/07/2020 15:04:32.332,1593713072332
2.730,02/07/2020 15:04:32.832,1593713072832
2.733,02/07/2020 15:04:33.332,1593713073332
2.734,02/07/2020 15:04:33.832,1593713073832
2.731,02/07/2020 15:04:34.332,1593713074332
2.739,02/07/2020 15:04:34.832,1593713074832
2.751,02/07/2020 15:04:35.332,1593713075332
2.731,02/07/2020 15:04:35.832,1593713075832
2.707,02/07/2020 15:04:36.332,1593713076332
2.748,02/07/2020 15:04:36.832,1593713076832
2.710,02/07/2020 15:04:37.332,1593713077332
2.713,02/07/2020 15:04:37.832,1593713077832
2.686,02/07/2020 15:04:38.332,1593713078332
2.697,02/07/2020 15:04:38.832,1593713078832
2.692,02/07/2020 15:04:39.332,1593713079332
2.684,02/07/2020 15:04:39.832,1593713079832
2.684,02/07/2020 15:04:40.332,1593713080332
2.693,02/07/2020 15:04:40.832,1593713080832
2.685,02/07/2020 15:04:41.332,1593713081332
2.680,02/07/2020 15:04:41.832,1593713081832
2.681,02/07/2020 15:04:42.332,1593713082332
2.685,02/07/2020 15:04:42.832,1593713082832
2.698,02/07/2020 15:04:43.332,1593713083332
2.693,02/07/2020 15:04:43.832,1593713083832
2.702,02/07/2020 15:04:44.332,1593713084332
2.725,02/07/2020 15:04:44.832,1593713084832
2.722,02/07/2020 15:04:45.332,1593713085332
2.727,02/07/2020 15:04:45.832,1593713085832
2.732,02/07/2020 15:04:46.332,1593713086332
2.754,02/07/2020 15:04:46.832,1593713086832
2.738,02/07/2020 15:04:47.332,1593713087332
2.736,02/07/2020 15:04:47.832,1593713087832
2.757,02/07/2020 15:04:48.332,1593713088332
2.703,02/07/2020 15:04:48.832,1593713088832
2.689,02/07/2020 15:04:49.332,1593713089332
2.713,02/07/2020 15:04:49.832,1593713089832
2.719,02/07/2020 15:04:50.332,1593713090332
2.698,02/07/2020 15:04:50.832,1593713090832
2.687,02/07/2020 15:04:51.332,1593713091332
2.693,02/07/2020 15:04:51.832,1593713091832
2.675,02/07/2020 15:04:52.332,1593713092332
2.682,02/07/2020 15:04:52.832,1593713092832
2.706,02/07/2020 15:04:53.332,1593713093332
2.699,02/07/2020 15:04:53.832,1593713093832
2.690,02/07/2020 15:04:54.332,1593713094332
2.689,02/07/2020 15:04:54.832,1593713094832
2.704,02/07/2020 15:04:55.332,1593713095332
2.700,02/07/2020 15:04:55.832,1593713095832
2.683,02/07/2020 15:04:56.332,1593713096332
2.698,02/07/2020 15:04:56.832,1593713096832
2.737,02/07/2020 15:04:57.332,1593713097332
2.715,02/07/2020 15:04:57.832,1593713097832
2.732,02/07/2020 15:04:58.332,1593713098332
2.739,02/07/2020 15:04:58.832,1593713098832
2.737,02/07/2020 15:04:59.332,1593713099332
2.726,02/07/2020 15:04:59.832,1593713099832
2.727,02/07/2020 15:05:00.332,1593713100332
2.722,02/07/2020 15:05:00.832,1593713100832
2.714,02/07/2020 15:05:01.332,1593713101332
2.691,02/07/2020 15:05:01.832,1593713101832
2.706,02/07/2020 15:05:02.332,1593713102332
2.703,02/07/2020 15:05:02.832,1593713102832
2.693,02/07/2020 15:05:03.332,1593713103332
2.691,02/07/2020 15:05:03.832,1593713103832
2.690,02/07/2020 15:05:04.332,1593713104332
2.684,02/07/2020 15:05:04.832,1593713104832
2.682,02/07/2020 15:05:05.332,1593713105332
2.678,02/07/2020 15:05:05.832,1593713105832
2.669,02/07/2020 15:05:06.332,1593713106332
2.675,02/07/2020 15:05:06.832,1593713106832
2.668,02/07/2020 15:05:07.332,1593713107332
2.671,02/07/2020 15:05:07.832,1593713107832
2.684,02/07/2020 15:05:08.332,1593713108332
2.689,02/07/2020 15:05:08.832,1593713108832
2.688,02/07/2020 15:05:09.332,1593713109332
2.711,02/07/2020 15:05:09.832,1593713109832
2.717,02/07/2020 15:05:10.332,1593713110332
2.725,02/07/2020 15:05:10.832,1593713110832
2.732,02/07/2020 15:05:11.332,1593713111332
2.739,02/07/2020 15:05:11.832,1593713111832
2.734,02/07/2020 15:05:12.332,1593713112332
2.744,02/07/2020 15:05:12.832,1593713112832
2.728,02/07/2020 15:05:13.332,1593713113332
2.711,02/07/2020 15:05:13.832,1593713113832
2.707,02/07/2020 15:05:14.332,1593713114332
2.677,02/07/2020 15:05:14.832,1593713114832
2.700,02/07/2020 15:05:15.332,1593713115332
2.687,02/07/2020 15:05:15.832,1593713115832
2.686,02/07/2020 15:05:16.332,1593713116332
2.693,02/07/2020 15:05:16.832,1593713116832
2.725,02/07/2020 15:05:17.332,1593713117332
2.711,02/07/2020 15:05:17.832,1593713117832
2.686,02/07/2020 15:05:18.332,1593713118332
2.692,02/07/2020 15:05:18.832,1593713118832
2.690,02/07/2020 15:05:19.332,1593713119332
2.688,02/07/2020 15:05:19.832,1593713119832
2.688,02/07/2020 15:05:20.332,1593713120332
2.684,02/07/2020 15:05:20.832,1593713120832
2.690,02/07/2020 15:05:21.332,1593713121332
2.698,02/07/2020 15:05:21.832,1593713121832
2.717,02/07/2020 15:05:22.332,1593713122332
2.713,02/07/2020 15:05:22.832,1593713122832
2.728,02/07/2020 15:05:23.332,1593713123332
2.727,02/07/2020 15:05:23.832,1593713123832
2.729,02/07/2020 15:05:24.332,1593713124332
2.725,02/07/2020 15:05:24.832,1593713124832
2.726,02/07/2020 15:05:25.332,1593713125332
2.733,02/07/2020 15:05:25.832,1593713125832
2.710,02/07/2020 15:05:26.332,1593713126332
2.705,02/07/2020 15:05:26.832,1593713126832
2.682,02/07/2020 15:05:27.332,1593713127332
2.695,02/07/2020 15:05:27.832,1593713127832
2.711,02/07/2020 15:05:28.332,1593713128332
2.690,02/07/2020 15:05:28.832,1593713128832
2.686,02/07/2020 15:05:29.332,1593713129332
2.685,02/07/2020 15:05:29.832,1593713129832
2.686,02/07/2020 15:05:30.332,1593713130332
2.688,02/07/2020 15:05:30.832,1593713130832
2.685,02/07/2020 15:05:31.332,1593713131332
2.696,02/07/2020 15:05:31.832,1593713131832
2.686,02/07/2020 15:05:32.332,1593713132332
2.684,02/07/2020 15:05:32.832,1593713132832
2.667,02/07/2020 15:05:33.332,1593713133332
2.666,02/07/2020 15:05:33.832,1593713133832
2.656,02/07/2020 15:05:34.332,1593713134332
2.661,02/07/2020 15:05:34.832,1593713134832
2.686,02/07/2020 15:05:35.332,1593713135332
2.704,02/07/2020 15:05:35.832,1593713135832
2.670,02/07/2020 15:05:36.332,1593713136332
2.688,02/07/2020 15:05:36.832,1593713136832
2.706,02/07/2020 15:05:37.332,1593713137332
2.703,02/07/2020 15:05:37.832,1593713137832
2.705,02/07/2020 15:05:38.332,1593713138332
2.705,02/07/2020 15:05:38.832,1593713138832
2.698,02/07/2020 15:05:39.332,1593713139332
2.683,02/07/2020 15:05:39.832,1593713139832
2.675,02/07/2020 15:05:40.332,1593713140332
2.676,02/07/2020 15:05:40.832,1593713140832
2.683,02/07/2020 15:05:41.332,1593713141332
2.670,02/07/2020 15:05:41.832,1593713141832
2.676,02/07/2020 15:05:42.332,1593713142332
2.663,02/07/2020 15:05:42.832,1593713142832
2.662,02/07/2020 15:05:43.332,1593713143332
2.678,02/07/2020 15:05:43.832,1593713143832
2.676,02/07/2020 15:05:44.332,1593713144332
2.652,02/07/2020 15:05:44.832,1593713144832
2.663,02/07/2020 15:05:45.332,1593713145332
2.664,02/07/2020 15:05:45.832,1593713145832
2.668,02/07/2020 15:05:46.332,1593713146332
2.673,02/07/2020 15:05:46.832,1593713146832
2.679,02/07/2020 15:05:47.332,1593713147332
2.682,02/07/2020 15:05:47.832,1593713147832
2.696,02/07/2020 15:05:48.332,1593713148332
2.735,02/07/2020 15:05:48.832,1593713148832
2.718,02/07/2020 15:05:49.332,1593713149332
2.735,02/07/2020 15:05:49.832,1593713149832
2.746,02/07/2020 15:05:50.332,1593713150332
2.745,02/07/2020 15:05:50.832,1593713150832
2.735,02/07/2020 15:05:51.332,1593713151332
2.734,02/07/2020 15:05:51.832,1593713151832
2.711,02/07/2020 15:05:52.332,1593713152332
2.694,02/07/2020 15:05:52.832,1593713152832
2.714,02/07/2020 15:05:53.332,1593713153332
2.684,02/07/2020 15:05:53.832,1593713153832
2.677,02/07/2020 15:05:54.332,1593713154332
2.694,02/07/2020 15:05:54.832,1593713154832
2.688,02/07/2020 15:05:55.332,1593713155332
2.695,02/07/2020 15:05:55.832,1593713155832
2.714,02/07/2020 15:05:56.332,1593713156332
2.692,02/07/2020 15:05:56.832,1593713156832
2.669,02/07/2020 15:05:57.332,1593713157332
2.710,02/07/2020 15:05:57.832,1593713157832
2.668,02/07/2020 15:05:58.332,1593713158332
2.686,02/07/2020 15:05:58.832,1593713158832
2.724,02/07/2020 15:05:59.332,1593713159332
2.718,02/07/2020 15:05:59.832,1593713159832
2.732,02/07/2020 15:06:00.332,1593713160332
2.732,02/07/2020 15:06:00.832,1593713160832
2.742,02/07/2020 15:06:01.332,1593713161332
2.724,02/07/2020 15:06:01.832,1593713161832
2.706,02/07/2020 15:06:02.332,1593713162332
2.736,02/07/2020 15:06:02.832,1593713162832
2.712,02/07/2020 15:06:03.332,1593713163332
2.704,02/07/2020 15:06:03.832,1593713163832
2.708,02/07/2020 15:06:04.332,1593713164332
2.703,02/07/2020 15:06:04.832,1593713164832
2.688,02/07/2020 15:06:05.332,1593713165332
2.678,02/07/2020 15:06:05.832,1593713165832
2.697,02/07/2020 15:06:06.332,1593713166332
2.688,02/07/2020 15:06:06.832,1593713166832
2.683,02/07/2020 15:06:07.332,1593713167332
2.679,02/07/2020 15:06:07.832,1593713167832
2.683,02/07/2020 15:06:08.332,1593713168332
2.697,02/07/2020 15:06:08.832,1593713168832
2.691,02/07/2020 15:06:09.332,1593713169332
2.753,02/07/2020 15:06:09.832,1593713169832
2.699,02/07/2020 15:06:10.332,1593713170332
2.680,02/07/2020 15:06:10.832,1593713170832
2.679,02/07/2020 15:06:11.332,1593713171332
2.682,02/07/2020 15:06:11.832,1593713171832
2.685,02/07/2020 15:06:12.332,1593713172332
2.697,02/07/2020 15:06:12.832,1593713172832
0.583,02/07/2020 15:06:13.332,1593713173332
0.566,02/07/2020 15:06:13.832,1593713173832
0.575,02/07/2020 15:06:14.332,1593713174332
0.568,02/07/2020 15:06:14.832,1593713174832
0.587,02/07/2020 15:06:15.332,1593713175332
0.575,02/07/2020 15:06:15.832,1593713175832
0.577,02/07/2020 15:06:16.332,1593713176332
0.589,02/07/2020 15:06:16.832,1593713176832
0.585,02/07/2020 15:06:17.332,1593713177332
0.591,02/07/2020 15:06:17.832,1593713177832
0.598,02/07/2020 15:06:18.332,1593713178332
0.558,02/07/2020 15:06:18.832,1593713178832
0.584,02/07/2020 15:06:19.332,1593713179332
0.596,02/07/2020 15:06:19.832,1593713179832
0.579,02/07/2020 15:06:20.332,1593713180332
0.579,02/07/2020 15:06:20.832,1593713180832
0.583,02/07/2020 15:06:21.332,1593713181332
0.582,02/07/2020 15:06:21.832,1593713181832
0.586,02/07/2020 15:06:22.332,1593713182332
0.591,02/07/2020 15:06:22.832,1593713182832
0.592,02/07/2020 15:06:23.332,1593713183332
0.577,02/07/2020 15:06:23.832,1593713183832
0.567,02/07/2020 15:06:24.332,1593713184332
0.567,02/07/2020 15:06:24.832,1593713184832
0.562,02/07/2020 15:06:25.332,1593713185332
0.576,02/07/2020 15:06:25.832,1593713185832
0.572,02/07/2020 15:06:26.332,1593713186332
0.577,02/07/2020 15:06:26.832,1593713186832
0.553,02/07/2020 15:06:27.332,1593713187332
0.576,02/07/2020 15:06:27.832,1593713187832
0.563,02/07/2020 15:06:28.332,1593713188332
0.573,02/07/2020 15:06:28.832,1593713188832
0.567,02/07/2020 15:06:29.332,1593713189332
0.566,02/07/2020 15:06:29.832,1593713189832
0.566,02/07/2020 15:06:30.332,1593713190332
0.568,02/07/2020 15:06:30.832,1593713190832
0.568,02/07/2020 15:06:31.332,1593713191332
0.578,02/07/2020 15:06:31.832,1593713191832
0.565,02/07/2020 15:06:32.332,1593713192332
0.591,02/07/2020 15:06:32.832,1593713192832
0.587,02/07/2020 15:06:33.332,1593713193332
0.600,02/07/2020 15:06:33.832,1593713193832
0.583,02/07/2020 15:06:34.332,1593713194332
0.582,02/07/2020 15:06:34.832,1593713194832
0.582,02/07/2020 15:06:35.332,1593713195332
0.567,02/07/2020 15:06:35.832,1593713195832
0.598,02/07/2020 15:06:36.332,1593713196332
0.574,02/07/2020 15:06:36.832,1593713196832
0.562,02/07/2020 15:06:37.332,1593713197332
0.559,02/07/2020 15:06:37.832,1593713197832
0.580,02/07/2020 15:06:38.332,1593713198332
0.571,02/07/2020 15:06:38.832,1593713198832
0.567,02/07/2020 15:06:39.332,1593713199332
0.574,02/07/2020 15:06:39.832,1593713199832
0.564,02/07/2020 15:06:40.332,1593713200332
0.601,02/07/2020 15:06:40.832,1593713200832
0.573,02/07/2020 15:06:41.332,1593713201332
0.558,02/07/2020 15:06:41.832,1593713201832
0.566,02/07/2020 15:06:42.332,1593713202332
0.565,02/07/2020 15:06:42.832,1593713202832
0.563,02/07/2020 15:06:43.332,1593713203332
0.564,02/07/2020 15:06:43.832,1593713203832
0.549,02/07/2020 15:06:44.332,1593713204332
0.564,02/07/2020 15:06:44.832,1593713204832

