RMS,TimeStamp,EPOCH
0.414,10/08/2020 16:52:29.041,1597089149041
0.403,10/08/2020 16:52:29.542,1597089149542
0.422,10/08/2020 16:52:30.042,1597089150042
0.395,10/08/2020 16:52:30.543,1597089150543
0.418,10/08/2020 16:52:31.044,1597089151044
0.401,10/08/2020 16:52:31.544,1597089151544
0.425,10/08/2020 16:52:32.045,1597089152045
0.402,10/08/2020 16:52:32.545,1597089152545
0.419,10/08/2020 16:52:33.046,1597089153046
0.414,10/08/2020 16:52:33.546,1597089153546
0.410,10/08/2020 16:52:34.047,1597089154047
0.432,10/08/2020 16:52:34.548,1597089154548
0.423,10/08/2020 16:52:35.048,1597089155048
0.408,10/08/2020 16:52:35.549,1597089155549
0.402,10/08/2020 16:52:36.049,1597089156049
0.406,10/08/2020 16:52:36.550,1597089156550
0.435,10/08/2020 16:52:37.050,1597089157050
0.453,10/08/2020 16:52:37.551,1597089157551
0.409,10/08/2020 16:52:38.051,1597089158051
0.404,10/08/2020 16:52:38.552,1597089158552
0.391,10/08/2020 16:52:39.053,1597089159053
0.393,10/08/2020 16:52:39.553,1597089159553
0.413,10/08/2020 16:52:40.054,1597089160054
0.407,10/08/2020 16:52:40.554,1597089160554
0.405,10/08/2020 16:52:41.055,1597089161055
0.403,10/08/2020 16:52:41.555,1597089161555
0.408,10/08/2020 16:52:42.056,1597089162056
0.398,10/08/2020 16:52:42.557,1597089162557
0.388,10/08/2020 16:52:43.057,1597089163057
0.393,10/08/2020 16:52:43.558,1597089163558
0.408,10/08/2020 16:52:44.058,1597089164058
0.393,10/08/2020 16:52:44.559,1597089164559
0.403,10/08/2020 16:52:45.059,1597089165059
0.394,10/08/2020 16:52:45.560,1597089165560
0.390,10/08/2020 16:52:46.061,1597089166061
0.400,10/08/2020 16:52:46.561,1597089166561
0.400,10/08/2020 16:52:47.062,1597089167062
0.411,10/08/2020 16:52:47.562,1597089167562
0.409,10/08/2020 16:52:48.063,1597089168063
0.426,10/08/2020 16:52:48.563,1597089168563
0.422,10/08/2020 16:52:49.064,1597089169064
0.421,10/08/2020 16:52:49.564,1597089169564
0.421,10/08/2020 16:52:50.065,1597089170065
0.428,10/08/2020 16:52:50.566,1597089170566
0.430,10/08/2020 16:52:51.066,1597089171066
0.427,10/08/2020 16:52:51.567,1597089171567
0.430,10/08/2020 16:52:52.067,1597089172067
0.420,10/08/2020 16:52:52.568,1597089172568
0.423,10/08/2020 16:52:53.068,1597089173068
0.431,10/08/2020 16:52:53.569,1597089173569
0.425,10/08/2020 16:52:54.070,1597089174070
0.425,10/08/2020 16:52:54.570,1597089174570
0.432,10/08/2020 16:52:55.071,1597089175071
0.402,10/08/2020 16:52:55.571,1597089175571
0.403,10/08/2020 16:52:56.072,1597089176072
0.420,10/08/2020 16:52:56.572,1597089176572
0.406,10/08/2020 16:52:57.073,1597089177073
0.418,10/08/2020 16:52:57.574,1597089177574
0.422,10/08/2020 16:52:58.074,1597089178074
0.396,10/08/2020 16:52:58.575,1597089178575
0.400,10/08/2020 16:52:59.075,1597089179075
0.418,10/08/2020 16:52:59.576,1597089179576
0.410,10/08/2020 16:53:00.076,1597089180076
0.403,10/08/2020 16:53:00.577,1597089180577
0.398,10/08/2020 16:53:01.078,1597089181078
0.405,10/08/2020 16:53:01.578,1597089181578
0.398,10/08/2020 16:53:02.079,1597089182079
0.406,10/08/2020 16:53:02.579,1597089182579
0.410,10/08/2020 16:53:03.080,1597089183080
0.408,10/08/2020 16:53:03.580,1597089183580
0.396,10/08/2020 16:53:04.081,1597089184081
0.395,10/08/2020 16:53:04.581,1597089184581
0.427,10/08/2020 16:53:05.082,1597089185082
0.399,10/08/2020 16:53:05.583,1597089185583
0.388,10/08/2020 16:53:06.083,1597089186083
0.395,10/08/2020 16:53:06.584,1597089186584
0.404,10/08/2020 16:53:07.084,1597089187084
0.402,10/08/2020 16:53:07.585,1597089187585
0.391,10/08/2020 16:53:08.085,1597089188085
0.393,10/08/2020 16:53:08.586,1597089188586
0.401,10/08/2020 16:53:09.087,1597089189087
0.390,10/08/2020 16:53:09.587,1597089189587
0.416,10/08/2020 16:53:10.088,1597089190088
0.394,10/08/2020 16:53:10.588,1597089190588
0.402,10/08/2020 16:53:11.089,1597089191089
0.420,10/08/2020 16:53:11.589,1597089191589
0.407,10/08/2020 16:53:12.090,1597089192090
0.398,10/08/2020 16:53:12.591,1597089192591
0.392,10/08/2020 16:53:13.091,1597089193091
0.399,10/08/2020 16:53:13.592,1597089193592
0.412,10/08/2020 16:53:14.092,1597089194092
0.395,10/08/2020 16:53:14.593,1597089194593
0.437,10/08/2020 16:53:15.093,1597089195093
0.414,10/08/2020 16:53:15.594,1597089195594
0.416,10/08/2020 16:53:16.094,1597089196094
0.413,10/08/2020 16:53:16.595,1597089196595
0.387,10/08/2020 16:53:17.096,1597089197096
0.404,10/08/2020 16:53:17.596,1597089197596
0.423,10/08/2020 16:53:18.097,1597089198097
0.433,10/08/2020 16:53:18.597,1597089198597
0.426,10/08/2020 16:53:19.098,1597089199098
0.429,10/08/2020 16:53:19.598,1597089199598
0.398,10/08/2020 16:53:20.099,1597089200099
0.414,10/08/2020 16:53:20.600,1597089200600
0.423,10/08/2020 16:53:21.100,1597089201100
0.432,10/08/2020 16:53:21.601,1597089201601
0.427,10/08/2020 16:53:22.101,1597089202101
0.430,10/08/2020 16:53:22.602,1597089202602
0.412,10/08/2020 16:53:23.102,1597089203102
0.410,10/08/2020 16:53:23.603,1597089203603
0.406,10/08/2020 16:53:24.104,1597089204104
0.406,10/08/2020 16:53:24.604,1597089204604
0.413,10/08/2020 16:53:25.105,1597089205105
0.396,10/08/2020 16:53:25.605,1597089205605
0.413,10/08/2020 16:53:26.106,1597089206106
0.415,10/08/2020 16:53:26.606,1597089206606
0.427,10/08/2020 16:53:27.107,1597089207107
0.425,10/08/2020 16:53:27.607,1597089207607
0.423,10/08/2020 16:53:28.108,1597089208108
0.424,10/08/2020 16:53:28.609,1597089208609
0.435,10/08/2020 16:53:29.109,1597089209109
0.425,10/08/2020 16:53:29.610,1597089209610
0.429,10/08/2020 16:53:30.110,1597089210110
0.427,10/08/2020 16:53:30.611,1597089210611
0.433,10/08/2020 16:53:31.111,1597089211111
0.421,10/08/2020 16:53:31.612,1597089211612
0.422,10/08/2020 16:53:32.113,1597089212113
0.427,10/08/2020 16:53:32.613,1597089212613
0.418,10/08/2020 16:53:33.114,1597089213114
0.432,10/08/2020 16:53:33.614,1597089213614
0.407,10/08/2020 16:53:34.115,1597089214115
0.400,10/08/2020 16:53:34.615,1597089214615
0.407,10/08/2020 16:53:35.116,1597089215116
0.385,10/08/2020 16:53:35.617,1597089215617
0.377,10/08/2020 16:53:36.117,1597089216117
0.371,10/08/2020 16:53:36.618,1597089216618
0.390,10/08/2020 16:53:37.118,1597089217118
0.403,10/08/2020 16:53:37.619,1597089217619
0.376,10/08/2020 16:53:38.119,1597089218119
0.374,10/08/2020 16:53:38.620,1597089218620
0.409,10/08/2020 16:53:39.120,1597089219120
0.377,10/08/2020 16:53:39.621,1597089219621
0.374,10/08/2020 16:53:40.122,1597089220122
0.468,10/08/2020 16:53:40.622,1597089220622
0.372,10/08/2020 16:53:41.123,1597089221123
0.376,10/08/2020 16:53:41.623,1597089221623
0.380,10/08/2020 16:53:42.124,1597089222124
0.374,10/08/2020 16:53:42.624,1597089222624
0.377,10/08/2020 16:53:43.125,1597089223125
0.386,10/08/2020 16:53:43.626,1597089223626
0.452,10/08/2020 16:53:44.126,1597089224126
0.455,10/08/2020 16:53:44.627,1597089224627
0.394,10/08/2020 16:53:45.127,1597089225127
0.392,10/08/2020 16:53:45.628,1597089225628
0.388,10/08/2020 16:53:46.128,1597089226128
0.368,10/08/2020 16:53:46.629,1597089226629
0.373,10/08/2020 16:53:47.130,1597089227130
0.372,10/08/2020 16:53:47.630,1597089227630
0.373,10/08/2020 16:53:48.131,1597089228131
0.368,10/08/2020 16:53:48.631,1597089228631
0.368,10/08/2020 16:53:49.132,1597089229132
0.373,10/08/2020 16:53:49.632,1597089229632
0.373,10/08/2020 16:53:50.133,1597089230133
0.373,10/08/2020 16:53:50.634,1597089230634
0.373,10/08/2020 16:53:51.134,1597089231134
0.378,10/08/2020 16:53:51.635,1597089231635
0.369,10/08/2020 16:53:52.135,1597089232135
0.370,10/08/2020 16:53:52.636,1597089232636
0.370,10/08/2020 16:53:53.136,1597089233136
0.371,10/08/2020 16:53:53.637,1597089233637
0.368,10/08/2020 16:53:54.137,1597089234137
0.397,10/08/2020 16:53:54.638,1597089234638
0.382,10/08/2020 16:53:55.139,1597089235139
0.369,10/08/2020 16:53:55.639,1597089235639
0.455,10/08/2020 16:53:56.140,1597089236140
0.381,10/08/2020 16:53:56.640,1597089236640
0.383,10/08/2020 16:53:57.141,1597089237141
0.383,10/08/2020 16:53:57.641,1597089237641
0.378,10/08/2020 16:53:58.142,1597089238142
0.380,10/08/2020 16:53:58.643,1597089238643
0.380,10/08/2020 16:53:59.143,1597089239143
0.379,10/08/2020 16:53:59.644,1597089239644
0.368,10/08/2020 16:54:00.144,1597089240144
0.385,10/08/2020 16:54:00.645,1597089240645
0.370,10/08/2020 16:54:01.145,1597089241145
0.372,10/08/2020 16:54:01.646,1597089241646
0.385,10/08/2020 16:54:02.147,1597089242147
0.369,10/08/2020 16:54:02.647,1597089242647
0.381,10/08/2020 16:54:03.148,1597089243148
0.387,10/08/2020 16:54:03.648,1597089243648
0.371,10/08/2020 16:54:04.149,1597089244149
0.398,10/08/2020 16:54:04.649,1597089244649
0.371,10/08/2020 16:54:05.150,1597089245150
0.373,10/08/2020 16:54:05.650,1597089245650
0.452,10/08/2020 16:54:06.151,1597089246151
0.379,10/08/2020 16:54:06.652,1597089246652
0.379,10/08/2020 16:54:07.152,1597089247152
0.381,10/08/2020 16:54:07.653,1597089247653
0.371,10/08/2020 16:54:08.153,1597089248153
0.371,10/08/2020 16:54:08.654,1597089248654
0.372,10/08/2020 16:54:09.154,1597089249154
0.372,10/08/2020 16:54:09.655,1597089249655
0.377,10/08/2020 16:54:10.156,1597089250156
0.373,10/08/2020 16:54:10.656,1597089250656
0.370,10/08/2020 16:54:11.157,1597089251157
0.374,10/08/2020 16:54:11.657,1597089251657
0.379,10/08/2020 16:54:12.158,1597089252158
0.371,10/08/2020 16:54:12.658,1597089252658
0.368,10/08/2020 16:54:13.159,1597089253159
0.371,10/08/2020 16:54:13.660,1597089253660
0.368,10/08/2020 16:54:14.160,1597089254160
0.375,10/08/2020 16:54:14.661,1597089254661
0.419,10/08/2020 16:54:15.161,1597089255161
0.390,10/08/2020 16:54:15.662,1597089255662
0.387,10/08/2020 16:54:16.162,1597089256162
0.370,10/08/2020 16:54:16.663,1597089256663
0.370,10/08/2020 16:54:17.163,1597089257163
0.374,10/08/2020 16:54:17.664,1597089257664
0.370,10/08/2020 16:54:18.165,1597089258165
0.367,10/08/2020 16:54:18.665,1597089258665
0.382,10/08/2020 16:54:19.166,1597089259166
0.369,10/08/2020 16:54:19.666,1597089259666
0.371,10/08/2020 16:54:20.167,1597089260167
0.371,10/08/2020 16:54:20.667,1597089260667
0.368,10/08/2020 16:54:21.168,1597089261168
0.374,10/08/2020 16:54:21.669,1597089261669
0.372,10/08/2020 16:54:22.169,1597089262169
0.457,10/08/2020 16:54:22.670,1597089262670
0.402,10/08/2020 16:54:23.170,1597089263170
0.372,10/08/2020 16:54:23.671,1597089263671
0.371,10/08/2020 16:54:24.171,1597089264171
0.386,10/08/2020 16:54:24.672,1597089264672
0.375,10/08/2020 16:54:25.173,1597089265173
0.370,10/08/2020 16:54:25.673,1597089265673
0.391,10/08/2020 16:54:26.174,1597089266174
0.378,10/08/2020 16:54:26.674,1597089266674
0.371,10/08/2020 16:54:27.175,1597089267175
0.478,10/08/2020 16:54:27.675,1597089267675
0.388,10/08/2020 16:54:28.176,1597089268176
0.389,10/08/2020 16:54:28.676,1597089268676
3.562,10/08/2020 16:54:29.177,1597089269177
0.556,10/08/2020 16:54:29.678,1597089269678
0.576,10/08/2020 16:54:30.178,1597089270178
0.576,10/08/2020 16:54:30.679,1597089270679
0.588,10/08/2020 16:54:31.179,1597089271179
0.601,10/08/2020 16:54:31.680,1597089271680
0.627,10/08/2020 16:54:32.180,1597089272180
0.612,10/08/2020 16:54:32.681,1597089272681
0.688,10/08/2020 16:54:33.182,1597089273182
0.621,10/08/2020 16:54:33.682,1597089273682
0.672,10/08/2020 16:54:34.183,1597089274183
0.609,10/08/2020 16:54:34.683,1597089274683
0.659,10/08/2020 16:54:35.184,1597089275184
0.665,10/08/2020 16:54:35.684,1597089275684
0.643,10/08/2020 16:54:36.185,1597089276185
0.668,10/08/2020 16:54:36.686,1597089276686
0.604,10/08/2020 16:54:37.186,1597089277186
0.615,10/08/2020 16:54:37.687,1597089277687
0.607,10/08/2020 16:54:38.187,1597089278187
0.603,10/08/2020 16:54:38.688,1597089278688
0.602,10/08/2020 16:54:39.188,1597089279188
0.598,10/08/2020 16:54:39.689,1597089279689
0.606,10/08/2020 16:54:40.190,1597089280190
0.596,10/08/2020 16:54:40.690,1597089280690
0.595,10/08/2020 16:54:41.191,1597089281191
0.610,10/08/2020 16:54:41.691,1597089281691
0.594,10/08/2020 16:54:42.192,1597089282192
0.597,10/08/2020 16:54:42.692,1597089282692
0.596,10/08/2020 16:54:43.193,1597089283193
0.598,10/08/2020 16:54:43.693,1597089283693
0.597,10/08/2020 16:54:44.194,1597089284194
0.601,10/08/2020 16:54:44.695,1597089284695
0.592,10/08/2020 16:54:45.195,1597089285195
0.590,10/08/2020 16:54:45.696,1597089285696
0.585,10/08/2020 16:54:46.196,1597089286196
0.592,10/08/2020 16:54:46.697,1597089286697
0.586,10/08/2020 16:54:47.197,1597089287197
0.590,10/08/2020 16:54:47.698,1597089287698
0.590,10/08/2020 16:54:48.199,1597089288199
0.588,10/08/2020 16:54:48.699,1597089288699
0.584,10/08/2020 16:54:49.200,1597089289200
0.582,10/08/2020 16:54:49.700,1597089289700
0.590,10/08/2020 16:54:50.201,1597089290201
0.589,10/08/2020 16:54:50.701,1597089290701
0.582,10/08/2020 16:54:51.202,1597089291202
0.588,10/08/2020 16:54:51.703,1597089291703
0.583,10/08/2020 16:54:52.203,1597089292203
0.585,10/08/2020 16:54:52.704,1597089292704
0.580,10/08/2020 16:54:53.204,1597089293204
0.583,10/08/2020 16:54:53.705,1597089293705
0.582,10/08/2020 16:54:54.205,1597089294205
0.581,10/08/2020 16:54:54.706,1597089294706
0.580,10/08/2020 16:54:55.206,1597089295206
0.580,10/08/2020 16:54:55.707,1597089295707
0.581,10/08/2020 16:54:56.208,1597089296208
0.578,10/08/2020 16:54:56.708,1597089296708
0.576,10/08/2020 16:54:57.209,1597089297209
0.579,10/08/2020 16:54:57.709,1597089297709
0.586,10/08/2020 16:54:58.210,1597089298210
0.570,10/08/2020 16:54:58.710,1597089298710
0.583,10/08/2020 16:54:59.211,1597089299211
0.578,10/08/2020 16:54:59.712,1597089299712
0.577,10/08/2020 16:55:00.212,1597089300212
0.577,10/08/2020 16:55:00.713,1597089300713
0.569,10/08/2020 16:55:01.213,1597089301213
0.567,10/08/2020 16:55:01.714,1597089301714
0.646,10/08/2020 16:55:02.214,1597089302214
0.570,10/08/2020 16:55:02.715,1597089302715
0.585,10/08/2020 16:55:03.216,1597089303216
0.572,10/08/2020 16:55:03.716,1597089303716
0.568,10/08/2020 16:55:04.217,1597089304217
0.567,10/08/2020 16:55:04.717,1597089304717
0.567,10/08/2020 16:55:05.218,1597089305218
0.562,10/08/2020 16:55:05.718,1597089305718
0.597,10/08/2020 16:55:06.219,1597089306219
0.570,10/08/2020 16:55:06.719,1597089306719
0.576,10/08/2020 16:55:07.220,1597089307220
0.606,10/08/2020 16:55:07.721,1597089307721
0.608,10/08/2020 16:55:08.221,1597089308221
0.583,10/08/2020 16:55:08.722,1597089308722
0.557,10/08/2020 16:55:09.222,1597089309222
0.625,10/08/2020 16:55:09.723,1597089309723
0.561,10/08/2020 16:55:10.223,1597089310223
0.615,10/08/2020 16:55:10.724,1597089310724
0.615,10/08/2020 16:55:11.225,1597089311225
0.569,10/08/2020 16:55:11.725,1597089311725
0.555,10/08/2020 16:55:12.226,1597089312226
0.560,10/08/2020 16:55:12.726,1597089312726
0.556,10/08/2020 16:55:13.227,1597089313227
0.604,10/08/2020 16:55:13.727,1597089313727
0.557,10/08/2020 16:55:14.228,1597089314228
0.605,10/08/2020 16:55:14.729,1597089314729
0.553,10/08/2020 16:55:15.229,1597089315229
0.552,10/08/2020 16:55:15.730,1597089315730
0.585,10/08/2020 16:55:16.230,1597089316230
0.563,10/08/2020 16:55:16.731,1597089316731
0.554,10/08/2020 16:55:17.231,1597089317231
0.552,10/08/2020 16:55:17.732,1597089317732
0.552,10/08/2020 16:55:18.232,1597089318232
0.589,10/08/2020 16:55:18.733,1597089318733
0.589,10/08/2020 16:55:19.234,1597089319234
0.586,10/08/2020 16:55:19.734,1597089319734
0.601,10/08/2020 16:55:20.235,1597089320235
0.584,10/08/2020 16:55:20.735,1597089320735
0.600,10/08/2020 16:55:21.236,1597089321236
0.628,10/08/2020 16:55:21.736,1597089321736
0.587,10/08/2020 16:55:22.237,1597089322237
0.584,10/08/2020 16:55:22.738,1597089322738
0.581,10/08/2020 16:55:23.238,1597089323238
0.581,10/08/2020 16:55:23.739,1597089323739
0.597,10/08/2020 16:55:24.239,1597089324239
0.589,10/08/2020 16:55:24.740,1597089324740
0.582,10/08/2020 16:55:25.240,1597089325240
0.582,10/08/2020 16:55:25.741,1597089325741
0.582,10/08/2020 16:55:26.242,1597089326242
0.589,10/08/2020 16:55:26.742,1597089326742
0.579,10/08/2020 16:55:27.243,1597089327243
0.587,10/08/2020 16:55:27.743,1597089327743
0.587,10/08/2020 16:55:28.244,1597089328244
0.665,10/08/2020 16:55:28.744,1597089328744
0.639,10/08/2020 16:55:29.245,1597089329245
0.675,10/08/2020 16:55:29.746,1597089329746
0.668,10/08/2020 16:55:30.246,1597089330246
0.640,10/08/2020 16:55:30.747,1597089330747
0.633,10/08/2020 16:55:31.247,1597089331247
0.639,10/08/2020 16:55:31.748,1597089331748
0.628,10/08/2020 16:55:32.248,1597089332248
0.642,10/08/2020 16:55:32.749,1597089332749
0.588,10/08/2020 16:55:33.249,1597089333249
0.590,10/08/2020 16:55:33.750,1597089333750
0.592,10/08/2020 16:55:34.251,1597089334251
0.583,10/08/2020 16:55:34.751,1597089334751
0.581,10/08/2020 16:55:35.252,1597089335252
0.625,10/08/2020 16:55:35.752,1597089335752
0.586,10/08/2020 16:55:36.253,1597089336253
0.584,10/08/2020 16:55:36.753,1597089336753
0.597,10/08/2020 16:55:37.254,1597089337254
0.585,10/08/2020 16:55:37.755,1597089337755
0.590,10/08/2020 16:55:38.255,1597089338255
0.590,10/08/2020 16:55:38.756,1597089338756
0.585,10/08/2020 16:55:39.256,1597089339256
0.588,10/08/2020 16:55:39.757,1597089339757
0.589,10/08/2020 16:55:40.257,1597089340257
0.593,10/08/2020 16:55:40.758,1597089340758
0.590,10/08/2020 16:55:41.259,1597089341259
0.602,10/08/2020 16:55:41.759,1597089341759
0.595,10/08/2020 16:55:42.260,1597089342260
0.590,10/08/2020 16:55:42.760,1597089342760
0.591,10/08/2020 16:55:43.261,1597089343261
0.596,10/08/2020 16:55:43.761,1597089343761
0.589,10/08/2020 16:55:44.262,1597089344262
0.583,10/08/2020 16:55:44.762,1597089344762
0.588,10/08/2020 16:55:45.263,1597089345263
0.592,10/08/2020 16:55:45.764,1597089345764
0.599,10/08/2020 16:55:46.264,1597089346264
0.658,10/08/2020 16:55:46.765,1597089346765
0.617,10/08/2020 16:55:47.265,1597089347265
0.605,10/08/2020 16:55:47.766,1597089347766
0.615,10/08/2020 16:55:48.266,1597089348266
0.613,10/08/2020 16:55:48.767,1597089348767
0.605,10/08/2020 16:55:49.268,1597089349268
0.599,10/08/2020 16:55:49.768,1597089349768
0.602,10/08/2020 16:55:50.269,1597089350269
0.606,10/08/2020 16:55:50.769,1597089350769
0.609,10/08/2020 16:55:51.270,1597089351270
0.604,10/08/2020 16:55:51.770,1597089351770
0.595,10/08/2020 16:55:52.271,1597089352271
0.598,10/08/2020 16:55:52.772,1597089352772
0.600,10/08/2020 16:55:53.272,1597089353272
0.600,10/08/2020 16:55:53.773,1597089353773
0.612,10/08/2020 16:55:54.273,1597089354273
0.601,10/08/2020 16:55:54.774,1597089354774
0.636,10/08/2020 16:55:55.274,1597089355274
0.609,10/08/2020 16:55:55.775,1597089355775
0.602,10/08/2020 16:55:56.275,1597089356275
0.601,10/08/2020 16:55:56.776,1597089356776
0.598,10/08/2020 16:55:57.277,1597089357277
0.605,10/08/2020 16:55:57.777,1597089357777
0.604,10/08/2020 16:55:58.278,1597089358278
0.598,10/08/2020 16:55:58.778,1597089358778
0.601,10/08/2020 16:55:59.279,1597089359279
0.603,10/08/2020 16:55:59.779,1597089359779
0.602,10/08/2020 16:56:00.280,1597089360280
0.603,10/08/2020 16:56:00.781,1597089360781
0.598,10/08/2020 16:56:01.281,1597089361281
0.601,10/08/2020 16:56:01.782,1597089361782
0.605,10/08/2020 16:56:02.282,1597089362282
0.616,10/08/2020 16:56:02.783,1597089362783
0.603,10/08/2020 16:56:03.283,1597089363283
0.599,10/08/2020 16:56:03.784,1597089363784
0.605,10/08/2020 16:56:04.285,1597089364285
0.603,10/08/2020 16:56:04.785,1597089364785
0.602,10/08/2020 16:56:05.286,1597089365286
0.603,10/08/2020 16:56:05.786,1597089365786
0.603,10/08/2020 16:56:06.287,1597089366287
0.608,10/08/2020 16:56:06.787,1597089366787
0.598,10/08/2020 16:56:07.288,1597089367288
0.601,10/08/2020 16:56:07.788,1597089367788
0.610,10/08/2020 16:56:08.289,1597089368289
0.617,10/08/2020 16:56:08.790,1597089368790
0.609,10/08/2020 16:56:09.290,1597089369290
0.607,10/08/2020 16:56:09.791,1597089369791
0.607,10/08/2020 16:56:10.291,1597089370291
0.609,10/08/2020 16:56:10.792,1597089370792
0.611,10/08/2020 16:56:11.292,1597089371292
0.618,10/08/2020 16:56:11.793,1597089371793
0.651,10/08/2020 16:56:12.294,1597089372294
0.612,10/08/2020 16:56:12.794,1597089372794
0.622,10/08/2020 16:56:13.295,1597089373295
0.608,10/08/2020 16:56:13.795,1597089373795
0.610,10/08/2020 16:56:14.296,1597089374296
0.616,10/08/2020 16:56:14.796,1597089374796
0.617,10/08/2020 16:56:15.297,1597089375297
0.615,10/08/2020 16:56:15.798,1597089375798
0.606,10/08/2020 16:56:16.298,1597089376298
0.606,10/08/2020 16:56:16.799,1597089376799
0.609,10/08/2020 16:56:17.299,1597089377299
0.620,10/08/2020 16:56:17.800,1597089377800
0.612,10/08/2020 16:56:18.300,1597089378300
0.609,10/08/2020 16:56:18.801,1597089378801
0.614,10/08/2020 16:56:19.302,1597089379302
0.636,10/08/2020 16:56:19.802,1597089379802
0.607,10/08/2020 16:56:20.303,1597089380303
0.618,10/08/2020 16:56:20.803,1597089380803
0.618,10/08/2020 16:56:21.304,1597089381304
0.611,10/08/2020 16:56:21.804,1597089381804
0.650,10/08/2020 16:56:22.305,1597089382305
0.615,10/08/2020 16:56:22.805,1597089382805
0.616,10/08/2020 16:56:23.306,1597089383306
0.612,10/08/2020 16:56:23.807,1597089383807
0.621,10/08/2020 16:56:24.307,1597089384307
0.611,10/08/2020 16:56:24.808,1597089384808
0.612,10/08/2020 16:56:25.308,1597089385308
0.609,10/08/2020 16:56:25.809,1597089385809
0.616,10/08/2020 16:56:26.309,1597089386309
0.668,10/08/2020 16:56:26.810,1597089386810
0.613,10/08/2020 16:56:27.311,1597089387311
0.618,10/08/2020 16:56:27.811,1597089387811
0.624,10/08/2020 16:56:28.312,1597089388312
0.608,10/08/2020 16:56:28.812,1597089388812
0.612,10/08/2020 16:56:29.313,1597089389313
0.616,10/08/2020 16:56:29.813,1597089389813
0.618,10/08/2020 16:56:30.314,1597089390314
0.621,10/08/2020 16:56:30.815,1597089390815
0.613,10/08/2020 16:56:31.315,1597089391315
0.613,10/08/2020 16:56:31.816,1597089391816
0.628,10/08/2020 16:56:32.316,1597089392316
0.621,10/08/2020 16:56:32.817,1597089392817
0.619,10/08/2020 16:56:33.317,1597089393317
0.616,10/08/2020 16:56:33.818,1597089393818
0.625,10/08/2020 16:56:34.318,1597089394318
0.685,10/08/2020 16:56:34.819,1597089394819
0.626,10/08/2020 16:56:35.320,1597089395320
0.615,10/08/2020 16:56:35.820,1597089395820
0.614,10/08/2020 16:56:36.321,1597089396321
0.618,10/08/2020 16:56:36.821,1597089396821
0.608,10/08/2020 16:56:37.322,1597089397322
0.612,10/08/2020 16:56:37.822,1597089397822
0.617,10/08/2020 16:56:38.323,1597089398323
0.617,10/08/2020 16:56:38.824,1597089398824
0.614,10/08/2020 16:56:39.324,1597089399324
0.614,10/08/2020 16:56:39.825,1597089399825
0.618,10/08/2020 16:56:40.325,1597089400325
0.614,10/08/2020 16:56:40.826,1597089400826
0.630,10/08/2020 16:56:41.326,1597089401326
0.614,10/08/2020 16:56:41.827,1597089401827
0.622,10/08/2020 16:56:42.328,1597089402328
0.617,10/08/2020 16:56:42.828,1597089402828
0.616,10/08/2020 16:56:43.329,1597089403329
0.612,10/08/2020 16:56:43.829,1597089403829
0.613,10/08/2020 16:56:44.330,1597089404330
0.623,10/08/2020 16:56:44.830,1597089404830
0.620,10/08/2020 16:56:45.331,1597089405331
0.622,10/08/2020 16:56:45.831,1597089405831
0.611,10/08/2020 16:56:46.332,1597089406332
0.610,10/08/2020 16:56:46.833,1597089406833
0.613,10/08/2020 16:56:47.333,1597089407333
0.610,10/08/2020 16:56:47.834,1597089407834
0.611,10/08/2020 16:56:48.334,1597089408334
0.608,10/08/2020 16:56:48.835,1597089408835
0.610,10/08/2020 16:56:49.335,1597089409335
0.614,10/08/2020 16:56:49.836,1597089409836
0.616,10/08/2020 16:56:50.337,1597089410337
0.612,10/08/2020 16:56:50.837,1597089410837
0.619,10/08/2020 16:56:51.338,1597089411338
0.648,10/08/2020 16:56:51.838,1597089411838
0.614,10/08/2020 16:56:52.339,1597089412339
0.613,10/08/2020 16:56:52.839,1597089412839
0.615,10/08/2020 16:56:53.340,1597089413340
0.613,10/08/2020 16:56:53.841,1597089413841
0.618,10/08/2020 16:56:54.341,1597089414341
0.612,10/08/2020 16:56:54.842,1597089414842
0.610,10/08/2020 16:56:55.342,1597089415342
0.610,10/08/2020 16:56:55.843,1597089415843
0.612,10/08/2020 16:56:56.343,1597089416343
0.613,10/08/2020 16:56:56.844,1597089416844
0.693,10/08/2020 16:56:57.344,1597089417344
0.610,10/08/2020 16:56:57.845,1597089417845
0.618,10/08/2020 16:56:58.346,1597089418346
0.620,10/08/2020 16:56:58.846,1597089418846
0.607,10/08/2020 16:56:59.347,1597089419347
0.609,10/08/2020 16:56:59.847,1597089419847
0.612,10/08/2020 16:57:00.348,1597089420348
0.614,10/08/2020 16:57:00.848,1597089420848
0.610,10/08/2020 16:57:01.349,1597089421349
0.625,10/08/2020 16:57:01.850,1597089421850
0.693,10/08/2020 16:57:02.350,1597089422350
0.725,10/08/2020 16:57:02.851,1597089422851
0.707,10/08/2020 16:57:03.351,1597089423351
0.641,10/08/2020 16:57:03.852,1597089423852
0.673,10/08/2020 16:57:04.352,1597089424352
0.613,10/08/2020 16:57:04.853,1597089424853
0.613,10/08/2020 16:57:05.354,1597089425354
0.618,10/08/2020 16:57:05.854,1597089425854
0.717,10/08/2020 16:57:06.355,1597089426355
0.628,10/08/2020 16:57:06.855,1597089426855
0.612,10/08/2020 16:57:07.356,1597089427356
0.611,10/08/2020 16:57:07.856,1597089427856
0.618,10/08/2020 16:57:08.357,1597089428357
0.616,10/08/2020 16:57:08.858,1597089428858
0.617,10/08/2020 16:57:09.358,1597089429358
0.615,10/08/2020 16:57:09.859,1597089429859
0.613,10/08/2020 16:57:10.359,1597089430359
0.611,10/08/2020 16:57:10.860,1597089430860
0.626,10/08/2020 16:57:11.360,1597089431360
0.611,10/08/2020 16:57:11.861,1597089431861
0.611,10/08/2020 16:57:12.361,1597089432361
0.612,10/08/2020 16:57:12.862,1597089432862
0.615,10/08/2020 16:57:13.363,1597089433363
0.613,10/08/2020 16:57:13.863,1597089433863
0.611,10/08/2020 16:57:14.364,1597089434364
0.609,10/08/2020 16:57:14.864,1597089434864
0.624,10/08/2020 16:57:15.365,1597089435365
0.606,10/08/2020 16:57:15.865,1597089435865
0.608,10/08/2020 16:57:16.366,1597089436366
0.609,10/08/2020 16:57:16.867,1597089436867
0.613,10/08/2020 16:57:17.367,1597089437367
0.698,10/08/2020 16:57:17.868,1597089437868
0.691,10/08/2020 16:57:18.368,1597089438368
0.619,10/08/2020 16:57:18.869,1597089438869
0.614,10/08/2020 16:57:19.369,1597089439369
0.620,10/08/2020 16:57:19.870,1597089439870
0.615,10/08/2020 16:57:20.371,1597089440371
0.611,10/08/2020 16:57:20.871,1597089440871
0.616,10/08/2020 16:57:21.372,1597089441372
0.613,10/08/2020 16:57:21.872,1597089441872
0.611,10/08/2020 16:57:22.373,1597089442373
0.614,10/08/2020 16:57:22.873,1597089442873
0.613,10/08/2020 16:57:23.374,1597089443374
0.612,10/08/2020 16:57:23.874,1597089443874
0.625,10/08/2020 16:57:24.375,1597089444375
0.621,10/08/2020 16:57:24.876,1597089444876
0.613,10/08/2020 16:57:25.376,1597089445376
0.614,10/08/2020 16:57:25.877,1597089445877
0.611,10/08/2020 16:57:26.377,1597089446377
0.623,10/08/2020 16:57:26.878,1597089446878
0.615,10/08/2020 16:57:27.378,1597089447378
0.614,10/08/2020 16:57:27.879,1597089447879
0.605,10/08/2020 16:57:28.380,1597089448380
0.613,10/08/2020 16:57:28.880,1597089448880
0.610,10/08/2020 16:57:29.381,1597089449381
0.612,10/08/2020 16:57:29.881,1597089449881
0.608,10/08/2020 16:57:30.382,1597089450382
0.614,10/08/2020 16:57:30.882,1597089450882
0.611,10/08/2020 16:57:31.383,1597089451383
0.614,10/08/2020 16:57:31.884,1597089451884
0.617,10/08/2020 16:57:32.384,1597089452384
0.621,10/08/2020 16:57:32.885,1597089452885
0.614,10/08/2020 16:57:33.385,1597089453385
0.612,10/08/2020 16:57:33.886,1597089453886
0.616,10/08/2020 16:57:34.386,1597089454386
0.613,10/08/2020 16:57:34.887,1597089454887
0.609,10/08/2020 16:57:35.387,1597089455387
0.612,10/08/2020 16:57:35.888,1597089455888
0.617,10/08/2020 16:57:36.389,1597089456389
0.670,10/08/2020 16:57:36.889,1597089456889
0.687,10/08/2020 16:57:37.390,1597089457390
0.616,10/08/2020 16:57:37.890,1597089457890
0.618,10/08/2020 16:57:38.391,1597089458391
0.614,10/08/2020 16:57:38.891,1597089458891
0.622,10/08/2020 16:57:39.392,1597089459392
0.613,10/08/2020 16:57:39.893,1597089459893
0.613,10/08/2020 16:57:40.393,1597089460393
0.679,10/08/2020 16:57:40.894,1597089460894
0.619,10/08/2020 16:57:41.394,1597089461394
0.616,10/08/2020 16:57:41.895,1597089461895
0.616,10/08/2020 16:57:42.395,1597089462395
0.613,10/08/2020 16:57:42.896,1597089462896
0.616,10/08/2020 16:57:43.397,1597089463397
0.617,10/08/2020 16:57:43.897,1597089463897
0.619,10/08/2020 16:57:44.398,1597089464398
0.614,10/08/2020 16:57:44.898,1597089464898
0.609,10/08/2020 16:57:45.399,1597089465399
0.620,10/08/2020 16:57:45.899,1597089465899
0.617,10/08/2020 16:57:46.400,1597089466400
0.615,10/08/2020 16:57:46.900,1597089466900
0.613,10/08/2020 16:57:47.401,1597089467401
0.611,10/08/2020 16:57:47.902,1597089467902
0.614,10/08/2020 16:57:48.402,1597089468402
0.614,10/08/2020 16:57:48.903,1597089468903
0.620,10/08/2020 16:57:49.403,1597089469403
0.628,10/08/2020 16:57:49.904,1597089469904
0.614,10/08/2020 16:57:50.404,1597089470404
0.615,10/08/2020 16:57:50.905,1597089470905
0.610,10/08/2020 16:57:51.406,1597089471406
0.611,10/08/2020 16:57:51.906,1597089471906
0.613,10/08/2020 16:57:52.407,1597089472407
0.609,10/08/2020 16:57:52.907,1597089472907
0.612,10/08/2020 16:57:53.408,1597089473408
0.619,10/08/2020 16:57:53.908,1597089473908
0.611,10/08/2020 16:57:54.409,1597089474409
0.615,10/08/2020 16:57:54.910,1597089474910
0.615,10/08/2020 16:57:55.410,1597089475410
0.615,10/08/2020 16:57:55.911,1597089475911
0.624,10/08/2020 16:57:56.411,1597089476411
0.625,10/08/2020 16:57:56.912,1597089476912
0.614,10/08/2020 16:57:57.412,1597089477412
0.613,10/08/2020 16:57:57.913,1597089477913
0.624,10/08/2020 16:57:58.414,1597089478414
0.615,10/08/2020 16:57:58.914,1597089478914
0.613,10/08/2020 16:57:59.415,1597089479415
0.617,10/08/2020 16:57:59.915,1597089479915
0.616,10/08/2020 16:58:00.416,1597089480416
0.615,10/08/2020 16:58:00.916,1597089480916
0.612,10/08/2020 16:58:01.417,1597089481417
0.610,10/08/2020 16:58:01.917,1597089481917
0.628,10/08/2020 16:58:02.418,1597089482418
0.614,10/08/2020 16:58:02.919,1597089482919
0.612,10/08/2020 16:58:03.419,1597089483419
0.612,10/08/2020 16:58:03.920,1597089483920
0.618,10/08/2020 16:58:04.420,1597089484420
0.613,10/08/2020 16:58:04.921,1597089484921
0.618,10/08/2020 16:58:05.421,1597089485421
0.616,10/08/2020 16:58:05.922,1597089485922
0.617,10/08/2020 16:58:06.423,1597089486423
0.611,10/08/2020 16:58:06.923,1597089486923
0.616,10/08/2020 16:58:07.424,1597089487424
0.619,10/08/2020 16:58:07.924,1597089487924
0.617,10/08/2020 16:58:08.425,1597089488425
0.618,10/08/2020 16:58:08.925,1597089488925
0.611,10/08/2020 16:58:09.426,1597089489426
0.614,10/08/2020 16:58:09.927,1597089489927
0.613,10/08/2020 16:58:10.427,1597089490427
0.627,10/08/2020 16:58:10.928,1597089490928
0.621,10/08/2020 16:58:11.428,1597089491428
0.617,10/08/2020 16:58:11.929,1597089491929
0.618,10/08/2020 16:58:12.429,1597089492429
0.624,10/08/2020 16:58:12.930,1597089492930
0.615,10/08/2020 16:58:13.430,1597089493430
0.613,10/08/2020 16:58:13.931,1597089493931
0.615,10/08/2020 16:58:14.432,1597089494432
0.612,10/08/2020 16:58:14.932,1597089494932
0.603,10/08/2020 16:58:15.433,1597089495433
0.609,10/08/2020 16:58:15.933,1597089495933
0.613,10/08/2020 16:58:16.434,1597089496434
0.615,10/08/2020 16:58:16.934,1597089496934
0.611,10/08/2020 16:58:17.435,1597089497435
0.614,10/08/2020 16:58:17.936,1597089497936
0.616,10/08/2020 16:58:18.436,1597089498436
0.615,10/08/2020 16:58:18.937,1597089498937
0.621,10/08/2020 16:58:19.437,1597089499437
0.623,10/08/2020 16:58:19.938,1597089499938
0.609,10/08/2020 16:58:20.438,1597089500438
0.621,10/08/2020 16:58:20.939,1597089500939
0.616,10/08/2020 16:58:21.440,1597089501440
0.611,10/08/2020 16:58:21.940,1597089501940
0.613,10/08/2020 16:58:22.441,1597089502441
0.620,10/08/2020 16:58:22.941,1597089502941
0.625,10/08/2020 16:58:23.442,1597089503442
0.616,10/08/2020 16:58:23.942,1597089503942
0.623,10/08/2020 16:58:24.443,1597089504443
0.624,10/08/2020 16:58:24.943,1597089504943
0.613,10/08/2020 16:58:25.444,1597089505444
0.660,10/08/2020 16:58:25.945,1597089505945
0.653,10/08/2020 16:58:26.445,1597089506445
0.612,10/08/2020 16:58:26.946,1597089506946
0.615,10/08/2020 16:58:27.446,1597089507446
0.622,10/08/2020 16:58:27.947,1597089507947
0.629,10/08/2020 16:58:28.447,1597089508447